eta,NPV,bag,floor,tires,imported,Name
1.1070128980604539,211939361.82299477,0.028450616846871734,0.011845635979088354,0.06541024581045421,3.6258451114442463,Renova 
1.098694723105531,-129901393.52303919,0.028450616846871734,0.011845635979088354,0.06541024581045421,3.6258451114442463,Renova 
1.1020812290921271,-362223222.43918574,0.028450616846871734,0.011845635979088354,0.06541024581045421,3.6258451114442463,Renova 
1.1361914527673374,-282756621.59698904,0.028450616846871734,0.011845635979088354,0.06541024581045421,3.6258451114442463,Renova 
1.1135362932405692,-333460972.78736347,0.028450616846871734,0.011845635979088354,0.06541024581045421,3.6258451114442463,Renova 
1.124589061599325,-258673108.1735268,0.028450616846871734,0.011845635979088354,0.06541024581045421,3.6258451114442463,Renova 
1.1053492225045252,-337377313.898372,0.028450616846871734,0.011845635979088354,0.06541024581045421,3.6258451114442463,Renova 
1.1344147777209723,-30802800.24240933,0.028450616846871734,0.011845635979088354,0.06541024581045421,3.6258451114442463,Renova 
1.0837838794672687,-395573371.51884353,0.028450616846871734,0.011845635979088354,0.06541024581045421,3.6258451114442463,Renova 
1.1263568039921992,-77322237.67714149,0.028450616846871734,0.011845635979088354,0.06541024581045421,3.6258451114442463,Renova 
1.1200041954497073,100872578.24220628,0.028450616846871734,0.011845635979088354,0.06541024581045421,3.6258451114442463,Renova 
1.1262414048280374,-125309361.04832508,0.028450616846871734,0.011845635979088354,0.06541024581045421,3.6258451114442463,Renova 
1.135509223928153,127536271.2508198,0.028450616846871734,0.011845635979088354,0.06541024581045421,3.6258451114442463,Renova 
1.1038349191593453,55394688.990072854,0.028450616846871734,0.011845635979088354,0.06541024581045421,3.6258451114442463,Renova 
1.1458187602949865,-91980967.72385095,0.028450616846871734,0.011845635979088354,0.06541024581045421,3.6258451114442463,Renova 
1.1073843764056328,-39202857.688810505,0.028450616846871734,0.011845635979088354,0.06541024581045421,3.6258451114442463,Renova 
1.1077002232646607,6681265.284588876,0.028450616846871734,0.011845635979088354,0.06541024581045421,3.6258451114442463,Renova 
1.1140820660639468,-53368874.88930379,0.028450616846871734,0.011845635979088354,0.06541024581045421,3.6258451114442463,Renova 
1.0998281876900344,185905380.82694983,0.028450616846871734,0.011845635979088354,0.06541024581045421,3.6258451114442463,Renova 
1.136091434639103,-285454832.5393967,0.028450616846871734,0.011845635979088354,0.06541024581045421,3.6258451114442463,Renova 
1.1348328393762441,-628393076.9757813,0.028450616846871734,0.011845635979088354,0.06541024581045421,3.6258451114442463,Renova 
1.1419064782402837,-363707420.842039,0.028450616846871734,0.011845635979088354,0.06541024581045421,3.6258451114442463,Renova 
1.130567199871889,28272823.70774474,0.028450616846871734,0.011845635979088354,0.06541024581045421,3.6258451114442463,Renova 
1.1381660337055368,-15496739.976295028,0.028450616846871734,0.011845635979088354,0.06541024581045421,3.6258451114442463,Renova 
1.113197332739242,-113079109.86183447,0.028450616846871734,0.011845635979088354,0.06541024581045421,3.6258451114442463,Renova 
1.1320459979120958,-24587474.781844568,0.028450616846871734,0.011845635979088354,0.06541024581045421,3.6258451114442463,Renova 
1.094738155854074,-217984958.6262317,0.028450616846871734,0.011845635979088354,0.06541024581045421,3.6258451114442463,Renova 
1.0931221810113838,-500132519.65167385,0.028450616846871734,0.011845635979088354,0.06541024581045421,3.6258451114442463,Renova 
1.1441318129447666,47285481.40837698,0.028450616846871734,0.011845635979088354,0.06541024581045421,3.6258451114442463,Renova 
1.125570614556677,-211894206.3797723,0.028450616846871734,0.011845635979088354,0.06541024581045421,3.6258451114442463,Renova 
1.1288753156588933,515692176.7023024,0.039422100315530256,0.016413698598602512,0.0906345646522159,5.024088949679372,Renova 
1.120742484090458,223390578.48509106,0.039422100315530256,0.016413698598602512,0.0906345646522159,5.024088949679372,Renova 
1.121839123035187,29067297.72909061,0.039422100315530256,0.016413698598602512,0.0906345646522159,5.024088949679372,Renova 
1.1508529771684624,127696322.6711141,0.039422100315530256,0.016413698598602512,0.0906345646522159,5.024088949679372,Renova 
1.1260557969154321,-75925391.42936134,0.039422100315530256,0.016413698598602512,0.0906345646522159,5.024088949679372,Renova 
1.1400793161910778,41502049.66881233,0.039422100315530256,0.016413698598602512,0.0906345646522159,5.024088949679372,Renova 
1.1197849446833041,-49935205.8916287,0.039422100315530256,0.016413698598602512,0.0906345646522159,5.024088949679372,Renova 
1.1496359968245413,280599662.54392195,0.039422100315530256,0.016413698598602512,0.0906345646522159,5.024088949679372,Renova 
1.1097038189796717,-196581465.93810984,0.039422100315530256,0.016413698598602512,0.0906345646522159,5.024088949679372,Renova 
1.1378305081692799,249436076.9578612,0.039422100315530256,0.016413698598602512,0.0906345646522159,5.024088949679372,Renova 
1.1388828706651934,437073064.0588398,0.039422100315530256,0.016413698598602512,0.0906345646522159,5.024088949679372,Renova 
1.1369631715509578,182083692.74233916,0.039422100315530256,0.016413698598602512,0.0906345646522159,5.024088949679372,Renova 
1.1530266487884622,465053987.8850954,0.039422100315530256,0.016413698598602512,0.0906345646522159,5.024088949679372,Renova 
1.1176382505384117,459343003.02747697,0.039422100315530256,0.016413698598602512,0.0906345646522159,5.024088949679372,Renova 
1.1613083549384113,176306972.7780244,0.039422100315530256,0.016413698598602512,0.0906345646522159,5.024088949679372,Renova 
1.1214541439929686,362916592.76968366,0.039422100315530256,0.016413698598602512,0.0906345646522159,5.024088949679372,Renova 
1.127503022908597,261191257.84606355,0.039422100315530256,0.016413698598602512,0.0906345646522159,5.024088949679372,Renova 
1.127190646593167,259228216.6494869,0.039422100315530256,0.016413698598602512,0.0906345646522159,5.024088949679372,Renova 
1.1198351141327594,583263891.6587796,0.039422100315530256,0.016413698598602512,0.0906345646522159,5.024088949679372,Renova 
1.1463337356613914,42918491.53621454,0.039422100315530256,0.016413698598602512,0.0906345646522159,5.024088949679372,Renova 
1.1443458534396567,-340121209.5141153,0.039422100315530256,0.016413698598602512,0.0906345646522159,5.024088949679372,Renova 
1.1509972765528744,-115066290.69525622,0.039422100315530256,0.016413698598602512,0.0906345646522159,5.024088949679372,Renova 
1.1482656809982827,375374246.4581726,0.039422100315530256,0.016413698598602512,0.0906345646522159,5.024088949679372,Renova 
1.1472107095542037,277438712.5618235,0.039422100315530256,0.016413698598602512,0.0906345646522159,5.024088949679372,Renova 
1.1333360250622286,157745451.75618842,0.039422100315530256,0.016413698598602512,0.0906345646522159,5.024088949679372,Renova 
1.1426395574498103,306726642.9832677,0.039422100315530256,0.016413698598602512,0.0906345646522159,5.024088949679372,Renova 
1.109789826665508,-36405832.13359319,0.039422100315530256,0.016413698598602512,0.0906345646522159,5.024088949679372,Renova 
1.1084804471192813,-265356597.5167844,0.039422100315530256,0.016413698598602512,0.0906345646522159,5.024088949679372,Renova 
1.1615858426486392,424773302.728284,0.039422100315530256,0.016413698598602512,0.0906345646522159,5.024088949679372,Renova 
1.1370482446082473,22357522.504447732,0.039422100315530256,0.016413698598602512,0.0906345646522159,5.024088949679372,Renova 
1.1321873331501136,150497895.31489408,0.024157979279395704,0.010058362884513204,0.05554112838586415,3.0787765180634223,Renova 
1.1231900371115584,-160230664.80705342,0.024157979279395704,0.010058362884513204,0.05554112838586415,3.0787765180634223,Renova 
1.1287837774412053,-355596255.1692279,0.024157979279395704,0.010058362884513204,0.05554112838586415,3.0787765180634223,Renova 
1.1524571639342172,-288881700.2611716,0.024157979279395704,0.010058362884513204,0.05554112838586415,3.0787765180634223,Renova 
1.1302143253992847,-342437023.38306755,0.024157979279395704,0.010058362884513204,0.05554112838586415,3.0787765180634223,Renova 
1.1418491127818586,-267154419.32915255,0.024157979279395704,0.010058362884513204,0.05554112838586415,3.0787765180634223,Renova 
1.1224152715948976,-323190917.22521347,0.024157979279395704,0.010058362884513204,0.05554112838586415,3.0787765180634223,Renova 
1.1506748438035195,-64023887.86613791,0.024157979279395704,0.010058362884513204,0.05554112838586415,3.0787765180634223,Renova 
1.1134849765422292,-386696414.26717055,0.024157979279395704,0.010058362884513204,0.05554112838586415,3.0787765180634223,Renova 
1.1421039630965455,-123838032.57806721,0.024157979279395704,0.010058362884513204,0.05554112838586415,3.0787765180634223,Renova 
1.1409174474014154,52870121.37604865,0.024157979279395704,0.010058362884513204,0.05554112838586415,3.0787765180634223,Renova 
1.1405816377506124,-151635263.55500454,0.024157979279395704,0.010058362884513204,0.05554112838586415,3.0787765180634223,Renova 
1.1552255613499522,66097605.30066951,0.024157979279395704,0.010058362884513204,0.05554112838586415,3.0787765180634223,Renova 
1.1222072162003482,-21296983.758359272,0.024157979279395704,0.010058362884513204,0.05554112838586415,3.0787765180634223,Renova 
1.1610295890499136,-104864021.74615744,0.024157979279395704,0.010058362884513204,0.05554112838586415,3.0787765180634223,Renova 
1.126568514132972,-89019325.09138925,0.024157979279395704,0.010058362884513204,0.05554112838586415,3.0787765180634223,Renova 
1.131024640883384,-33919396.18239249,0.024157979279395704,0.010058362884513204,0.05554112838586415,3.0787765180634223,Renova 
1.1315420641217164,-119701311.47525653,0.024157979279395704,0.010058362884513204,0.05554112838586415,3.0787765180634223,Renova 
1.127229661910298,122626104.74166754,0.024157979279395704,0.010058362884513204,0.05554112838586415,3.0787765180634223,Renova 
1.1456785831229348,-297569800.3778433,0.024157979279395704,0.010058362884513204,0.05554112838586415,3.0787765180634223,Renova 
1.1475997552307524,-598294784.5576353,0.024157979279395704,0.010058362884513204,0.05554112838586415,3.0787765180634223,Renova 
1.1535233669027483,-377719689.0995517,0.024157979279395704,0.010058362884513204,0.05554112838586415,3.0787765180634223,Renova 
1.1512262721753208,-2058976.6288947184,0.024157979279395704,0.010058362884513204,0.05554112838586415,3.0787765180634223,Renova 
1.1503228862640118,-65209005.71400527,0.024157979279395704,0.010058362884513204,0.05554112838586415,3.0787765180634223,Renova 
1.1365096507241017,-124154293.47810258,0.024157979279395704,0.010058362884513204,0.05554112838586415,3.0787765180634223,Renova 
1.1467337338566748,-77688285.02645895,0.024157979279395704,0.010058362884513204,0.05554112838586415,3.0787765180634223,Renova 
1.1147441420681783,-225129983.5801174,0.024157979279395704,0.010058362884513204,0.05554112838586415,3.0787765180634223,Renova 
1.1135056676654367,-467929290.53311497,0.024157979279395704,0.010058362884513204,0.05554112838586415,3.0787765180634223,Renova 
1.1618848833060436,-4464077.178348922,0.024157979279395704,0.010058362884513204,0.05554112838586415,3.0787765180634223,Renova 
1.141425618085539,-234457337.7849955,0.024157979279395704,0.010058362884513204,0.05554112838586415,3.0787765180634223,Renova 
1.1267485956400245,705587431.2017794,0.04740677881459303,0.01973818169923346,0.10899197975334299,6.041684021803936,Renova 
1.1184392674579018,425790079.20441926,0.04740677881459303,0.01973818169923346,0.10899197975334299,6.041684021803936,Renova 
1.1195676797640428,236729604.9227443,0.04740677881459303,0.01973818169923346,0.10899197975334299,6.041684021803936,Renova 
1.1493299248004856,347102776.247813,0.04740677881459303,0.01973818169923346,0.10899197975334299,6.041684021803936,Renova 
1.124015127354834,66306851.659925595,0.04740677881459303,0.01973818169923346,0.10899197975334299,6.041684021803936,Renova 
1.1383040590050055,202339610.87596157,0.04740677881459303,0.01973818169923346,0.10899197975334299,6.041684021803936,Renova 
1.1176054629485428,94528255.68512635,0.04740677881459303,0.01973818169923346,0.10899197975334299,6.041684021803936,Renova 
1.1480156930711594,460977265.5770449,0.04740677881459303,0.01973818169923346,0.10899197975334299,6.041684021803936,Renova 
1.1071324096206077,-97286108.79408059,0.04740677881459303,0.01973818169923346,0.10899197975334299,6.041684021803936,Renova 
1.1360913016466516,446466667.2963838,0.04740677881459303,0.01973818169923346,0.10899197975334299,6.041684021803936,Renova 
1.1370161573584643,637717141.712612,0.04740677881459303,0.01973818169923346,0.10899197975334299,6.041684021803936,Renova 
1.1351890731144074,358966935.13036084,0.04740677881459303,0.01973818169923346,0.10899197975334299,6.041684021803936,Renova 
1.1513472012169428,671458664.7367975,0.04740677881459303,0.01973818169923346,0.10899197975334299,6.041684021803936,Renova 
1.1153967666301197,713848910.1360751,0.04740677881459303,0.01973818169923346,0.10899197975334299,6.041684021803936,Renova 
1.1599279360113834,323033691.8866792,0.04740677881459303,0.01973818169923346,0.10899197975334299,6.041684021803936,Renova 
1.1193151110328257,603865467.2231576,0.04740677881459303,0.01973818169923346,0.10899197975334299,6.041684021803936,Renova 
1.1253168344578375,415415159.0226686,0.04740677881459303,0.01973818169923346,0.10899197975334299,6.041684021803936,Renova 
1.1251921028837357,458481717.4412962,0.04740677881459303,0.01973818169923346,0.10899197975334299,6.041684021803936,Renova 
1.117515116293468,828288843.7678251,0.04740677881459303,0.01973818169923346,0.10899197975334299,6.041684021803936,Renova 
1.14480310272944,224600588.182065,0.04740677881459303,0.01973818169923346,0.10899197975334299,6.041684021803936,Renova 
1.1427533777414087,-199513229.6557115,0.04740677881459303,0.01973818169923346,0.10899197975334299,6.041684021803936,Renova 
1.1495566349685635,22757891.03030001,0.04740677881459303,0.01973818169923346,0.10899197975334299,6.041684021803936,Renova 
1.146578727470542,571206626.6905848,0.04740677881459303,0.01973818169923346,0.10899197975334299,6.041684021803936,Renova 
1.1456877023143124,458869950.1001965,0.04740677881459303,0.01973818169923346,0.10899197975334299,6.041684021803936,Renova 
1.1313458509052325,303757909.10171133,0.04740677881459303,0.01973818169923346,0.10899197975334299,6.041684021803936,Renova 
1.141018451528662,508769482.4081258,0.04740677881459303,0.01973818169923346,0.10899197975334299,6.041684021803936,Renova 
1.1073571026572915,63698467.031358734,0.04740677881459303,0.01973818169923346,0.10899197975334299,6.041684021803936,Renova 
1.106013076814256,-156558297.8841311,0.04740677881459303,0.01973818169923346,0.10899197975334299,6.041684021803936,Renova 
1.160047399722387,646945389.3506562,0.04740677881459303,0.01973818169923346,0.10899197975334299,6.041684021803936,Renova 
1.135290463869471,158102446.2074134,0.04740677881459303,0.01973818169923346,0.10899197975334299,6.041684021803936,Renova 
1.1331311140793547,145976501.12180173,0.023903929358585974,0.00995258722071563,0.05495704727937249,3.046399516594928,Renova 
1.1242248117624423,-162521490.61163372,0.023903929358585974,0.00995258722071563,0.05495704727937249,3.046399516594928,Renova 
1.1297884484232685,-357304084.4207166,0.023903929358585974,0.00995258722071563,0.05495704727937249,3.046399516594928,Renova 
1.1531492269520673,-290150194.3237429,0.023903929358585974,0.00995258722071563,0.05495704727937249,3.046399516594928,Renova 
1.1311424275276651,-343012954.6480827,0.023903929358585974,0.00995258722071563,0.05495704727937249,3.046399516594928,Renova 
1.142656276823052,-268396085.65676355,0.023903929358585974,0.00995258722071563,0.05495704727937249,3.046399516594928,Renova 
1.1234309823540802,-322547549.86679894,0.023903929358585974,0.00995258722071563,0.05495704727937249,3.046399516594928,Renova 
1.1514020224536212,-66516282.83648093,0.023903929358585974,0.00995258722071563,0.05495704727937249,3.046399516594928,Renova 
1.1146315082768539,-387099915.88212466,0.023903929358585974,0.00995258722071563,0.05495704727937249,3.046399516594928,Renova 
1.142893042700776,-126994267.69688079,0.023903929358585974,0.00995258722071563,0.05495704727937249,3.046399516594928,Renova 
1.1417550670039702,49190148.86783909,0.023903929358585974,0.00995258722071563,0.05495704727937249,3.046399516594928,Renova 
1.1413913792936192,-153345220.31949756,0.023903929358585974,0.00995258722071563,0.05495704727937249,3.046399516594928,Renova 
1.1559501391645415,60994511.925843716,0.023903929358585974,0.00995258722071563,0.05495704727937249,3.046399516594928,Renova 
1.123226084281381,-25797482.72277321,0.023903929358585974,0.00995258722071563,0.05495704727937249,3.046399516594928,Renova 
1.1616586137861535,-106587998.85251892,0.023903929358585974,0.00995258722071563,0.05495704727937249,3.046399516594928,Renova 
1.127535557936378,-91915656.36129816,0.023903929358585974,0.00995258722071563,0.05495704727937249,3.046399516594928,Renova 
1.1319784331804463,-36852383.60549823,0.023903929358585974,0.00995258722071563,0.05495704727937249,3.046399516594928,Renova 
1.1324528719748832,-123835545.11727937,0.023903929358585974,0.00995258722071563,0.05495704727937249,3.046399516594928,Renova 
1.1282488821811008,117767460.51849742,0.023903929358585974,0.00995258722071563,0.05495704727937249,3.046399516594928,Renova 
1.1464292788409756,-298081597.734348,0.023903929358585974,0.00995258722071563,0.05495704727937249,3.046399516594928,Renova 
1.1483291583622002,-596443265.015587,0.023903929358585974,0.00995258722071563,0.05495704727937249,3.046399516594928,Renova 
1.1541854760367471,-378903631.7092411,0.023903929358585974,0.00995258722071563,0.05495704727937249,3.046399516594928,Renova 
1.1519598850241184,-5541172.482837947,0.023903929358585974,0.00995258722071563,0.05495704727937249,3.046399516594928,Renova 
1.151021286179146,-68180811.63440573,0.023903929358585974,0.00995258722071563,0.05495704727937249,3.046399516594928,Renova 
1.1373959800452733,-126109666.57172671,0.023903929358585974,0.00995258722071563,0.05495704727937249,3.046399516594928,Renova 
1.1474708686999702,-81356981.61366147,0.023903929358585974,0.00995258722071563,0.05495704727937249,3.046399516594928,Renova 
1.1158481959321365,-225702979.92630637,0.023903929358585974,0.00995258722071563,0.05495704727937249,3.046399516594928,Renova 
1.11462415098215,-466288130.4541823,0.023903929358585974,0.00995258722071563,0.05495704727937249,3.046399516594928,Renova 
1.1625620948248054,-8961851.833646376,0.023903929358585974,0.00995258722071563,0.05495704727937249,3.046399516594928,Renova 
1.1422235464488326,-236063857.42718133,0.023903929358585974,0.00995258722071563,0.05495704727937249,3.046399516594928,Renova 
1.1306290446533294,368215149.6980523,0.033215102621765094,0.013829366750927035,0.07636418003878902,4.233047673990521,Renova 
1.1226439611753465,68431891.55494583,0.033215102621765094,0.013829366750927035,0.07636418003878902,4.233047673990521,Renova 
1.123708830667856,-130922229.95615412,0.033215102621765094,0.013829366750927035,0.07636418003878902,4.233047673990521,Renova 
1.1521121409368456,-39965659.30480125,0.033215102621765094,0.013829366750927035,0.07636418003878902,4.233047673990521,Renova 
1.127748416378766,-184529469.69816694,0.033215102621765094,0.013829366750927035,0.07636418003878902,4.233047673990521,Renova 
1.1415476632587678,-82117473.95429128,0.033215102621765094,0.013829366750927035,0.07636418003878902,4.233047673990521,Renova 
1.1215943345130825,-160344096.35397065,0.033215102621765094,0.013829366750927035,0.07636418003878902,4.233047673990521,Renova 
1.1509683316365182,141916823.83576885,0.033215102621765094,0.013829366750927035,0.07636418003878902,4.233047673990521,Renova 
1.1118252831014548,-272737400.1251272,0.033215102621765094,0.013829366750927035,0.07636418003878902,4.233047673990521,Renova 
1.1392729286676244,97072210.06107885,0.033215102621765094,0.013829366750927035,0.07636418003878902,4.233047673990521,Renova 
1.1404229983391956,282042022.4832802,0.033215102621765094,0.013829366750927035,0.07636418003878902,4.233047673990521,Renova 
1.1384353539108893,46195920.24842137,0.033215102621765094,0.013829366750927035,0.07636418003878902,4.233047673990521,Renova 
1.1544009228974168,304301542.1589528,0.033215102621765094,0.013829366750927035,0.07636418003878902,4.233047673990521,Renova 
1.119497472221165,263631759.09793288,0.033215102621765094,0.013829366750927035,0.07636418003878902,4.233047673990521,Renova 
1.1624414917562964,63370093.241255954,0.033215102621765094,0.013829366750927035,0.07636418003878902,4.233047673990521,Renova 
1.1232282792151296,178604961.6004539,0.033215102621765094,0.013829366750927035,0.07636418003878902,4.233047673990521,Renova 
1.1292989817276022,141985658.93706986,0.033215102621765094,0.013829366750927035,0.07636418003878902,4.233047673990521,Renova 
1.1288495358834547,105035539.6782754,0.033215102621765094,0.013829366750927035,0.07636418003878902,4.233047673990521,Renova 
1.1217432209730236,393862364.7620516,0.033215102621765094,0.013829366750927035,0.07636418003878902,4.233047673990521,Renova 
1.1476072790639646,-95102969.10469505,0.033215102621765094,0.013829366750927035,0.07636418003878902,4.233047673990521,Renova 
1.1456679985746012,-445607000.1537514,0.033215102621765094,0.013829366750927035,0.07636418003878902,4.233047673990521,Renova 
1.1521930182013782,-221426851.05080268,0.033215102621765094,0.013829366750927035,0.07636418003878902,4.233047673990521,Renova 
1.1496502018232757,223313710.43076104,0.033215102621765094,0.013829366750927035,0.07636418003878902,4.233047673990521,Renova 
1.148475370681942,137920925.3987587,0.033215102621765094,0.013829366750927035,0.07636418003878902,4.233047673990521,Renova 
1.1349775265057052,44611897.878880456,0.033215102621765094,0.013829366750927035,0.07636418003878902,4.233047673990521,Renova 
1.1439859775003278,149877671.95446223,0.033215102621765094,0.013829366750927035,0.07636418003878902,4.233047673990521,Renova 
1.1118072956221257,-113248919.24077368,0.033215102621765094,0.013829366750927035,0.07636418003878902,4.233047673990521,Renova 
1.1105262955018012,-347958392.6800151,0.033215102621765094,0.013829366750927035,0.07636418003878902,4.233047673990521,Renova 
1.1628418648944097,252577049.30535385,0.033215102621765094,0.013829366750927035,0.07636418003878902,4.233047673990521,Renova 
1.138507949224573,-82339122.4233707,0.033215102621765094,0.013829366750927035,0.07636418003878902,4.233047673990521,Renova 
1.1217090764632793,599243842.969798,0.04339647160850753,0.018068459050220767,0.09977196243219548,5.530596587150525,Renova 
1.1129980744416283,302025877.8458316,0.04339647160850753,0.018068459050220767,0.09977196243219548,5.530596587150525,Renova 
1.114101419240492,100682116.7035789,0.04339647160850753,0.018068459050220767,0.09977196243219548,5.530596587150525,Renova 
1.1457871558056754,205420174.1823111,0.04339647160850753,0.018068459050220767,0.09977196243219548,5.530596587150525,Renova 
1.1193595436420598,-26794681.548416585,0.04339647160850753,0.018068459050220767,0.09977196243219548,5.530596587150525,Renova 
1.1341776412993194,98160564.11109087,0.04339647160850753,0.018068459050220767,0.09977196243219548,5.530596587150525,Renova 
1.1126612949871324,-8826967.782397412,0.04339647160850753,0.018068459050220767,0.09977196243219548,5.530596587150525,Renova 
1.1441005976706669,351524616.41730875,0.04339647160850753,0.018068459050220767,0.09977196243219548,5.530596587150525,Renova 
1.1010664713845169,-163902887.18705043,0.04339647160850753,0.018068459050220767,0.09977196243219548,5.530596587150525,Renova 
1.1321698651633658,328041258.6657394,0.04339647160850753,0.018068459050220767,0.09977196243219548,5.530596587150525,Renova 
1.1325965496142305,520284299.78985786,0.04339647160850753,0.018068459050220767,0.09977196243219548,5.530596587150525,Renova 
1.1311621583630784,247549709.73261973,0.04339647160850753,0.018068459050220767,0.09977196243219548,5.530596587150525,Renova 
1.1471515681833164,554566138.6415635,0.04339647160850753,0.018068459050220767,0.09977196243219548,5.530596587150525,Renova 
1.1102799482825452,567374163.4224871,0.04339647160850753,0.018068459050220767,0.09977196243219548,5.530596587150525,Renova 
1.1565562645249352,230966430.94702065,0.04339647160850753,0.018068459050220767,0.09977196243219548,5.530596587150525,Renova 
1.1144567829001675,458720640.91895276,0.04339647160850753,0.018068459050220767,0.09977196243219548,5.530596587150525,Renova 
1.120008137161738,325282586.75520056,0.04339647160850753,0.018068459050220767,0.09977196243219548,5.530596587150525,Renova 
1.1206701484599813,344869713.5295814,0.04339647160850753,0.018068459050220767,0.09977196243219548,5.530596587150525,Renova 
1.1119325072305632,686920041.4175768,0.04339647160850753,0.018068459050220767,0.09977196243219548,5.530596587150525,Renova 
1.1413926597995259,106624251.65315546,0.04339647160850753,0.018068459050220767,0.09977196243219548,5.530596587150525,Renova 
1.139157622904702,-302610088.6441185,0.04339647160850753,0.018068459050220767,0.09977196243219548,5.530596587150525,Renova 
1.1463035129048251,-66769847.28931105,0.04339647160850753,0.018068459050220767,0.09977196243219548,5.530596587150525,Renova 
1.1424769805892352,452193305.3360778,0.04339647160850753,0.018068459050220767,0.09977196243219548,5.530596587150525,Renova 
1.1422545045711152,352708822.2912992,0.04339647160850753,0.018068459050220767,0.09977196243219548,5.530596587150525,Renova 
1.12665738081234,211793706.65713772,0.04339647160850753,0.018068459050220767,0.09977196243219548,5.530596587150525,Renova 
1.137384644506332,388391226.18883663,0.04339647160850753,0.018068459050220767,0.09977196243219548,5.530596587150525,Renova 
1.1017910324965097,-2056403.7108671742,0.04339647160850753,0.018068459050220767,0.09977196243219548,5.530596587150525,Renova 
1.1003584475944808,-241077244.7133532,0.04339647160850753,0.018068459050220767,0.09977196243219548,5.530596587150525,Renova 
1.156146846154163,516741721.5777717,0.04339647160850753,0.018068459050220767,0.09977196243219548,5.530596587150525,Renova 
1.1313356353120398,73286360.61040246,0.04339647160850753,0.018068459050220767,0.09977196243219548,5.530596587150525,Renova 
1.1125054410346207,537870675.7363534,0.04148496434796508,0.017272588110000365,0.09537725421010301,5.286987483930322,Renova 
1.1035164141085592,227764519.78652215,0.04148496434796508,0.017272588110000365,0.09537725421010301,5.286987483930322,Renova 
1.1081427623043356,21682582.82460298,0.04148496434796508,0.017272588110000365,0.09537725421010301,5.286987483930322,Renova 
1.1396043881841422,115452595.6859577,0.04148496434796508,0.017272588110000365,0.09537725421010301,5.286987483930322,Renova 
1.1159909288387344,-77621128.04706846,0.04148496434796508,0.017272588110000365,0.09537725421010301,5.286987483930322,Renova 
1.126829065930914,29560259.367776617,0.04148496434796508,0.017272588110000365,0.09537725421010301,5.286987483930322,Renova 
1.1079708300303586,-68190410.07066864,0.04148496434796508,0.017272588110000365,0.09537725421010301,5.286987483930322,Renova 
1.1364365882002623,283903964.4523484,0.04148496434796508,0.017272588110000365,0.09537725421010301,5.286987483930322,Renova 
1.090316057669526,-210159125.74457186,0.04148496434796508,0.017272588110000365,0.09537725421010301,5.286987483930322,Renova 
1.1284740520301142,265104506.63862678,0.04148496434796508,0.017272588110000365,0.09537725421010301,5.286987483930322,Renova 
1.1249476708312414,451230995.14888424,0.04148496434796508,0.017272588110000365,0.09537725421010301,5.286987483930322,Renova 
1.1283073546547553,187942866.43994543,0.04148496434796508,0.017272588110000365,0.09537725421010301,5.286987483930322,Renova 
1.1402575148689813,484847999.76655763,0.04148496434796508,0.017272588110000365,0.09537725421010301,5.286987483930322,Renova 
1.1065550832696893,491558497.33255625,0.04148496434796508,0.017272588110000365,0.09537725421010301,5.286987483930322,Renova 
1.1496938401514987,172649058.88872656,0.04148496434796508,0.017272588110000365,0.09537725421010301,5.286987483930322,Renova 
1.1100208751831053,381118269.4729805,0.04148496434796508,0.017272588110000365,0.09537725421010301,5.286987483930322,Renova 
1.1105327804504552,271884381.2911685,0.04148496434796508,0.017272588110000365,0.09537725421010301,5.286987483930322,Renova 
1.1164886045384752,286543801.1917315,0.04148496434796508,0.017272588110000365,0.09537725421010301,5.286987483930322,Renova 
1.1058765564867648,611346569.6392546,0.04148496434796508,0.017272588110000365,0.09537725421010301,5.286987483930322,Renova 
1.137747143115911,40924856.83219856,0.04148496434796508,0.017272588110000365,0.09537725421010301,5.286987483930322,Renova 
1.1366428006564953,-362522345.1352262,0.04148496434796508,0.017272588110000365,0.09537725421010301,5.286987483930322,Renova 
1.1435106542952151,-116807079.56955919,0.04148496434796508,0.017272588110000365,0.09537725421010301,5.286987483930322,Renova 
1.1350585096988308,377287725.985301,0.04148496434796508,0.017272588110000365,0.09537725421010301,5.286987483930322,Renova 
1.1398741988087937,297329452.78385705,0.04148496434796508,0.017272588110000365,0.09537725421010301,5.286987483930322,Renova 
1.1182145065953935,151496761.9581552,0.04148496434796508,0.017272588110000365,0.09537725421010301,5.286987483930322,Renova 
1.1339221276402176,325044924.78355896,0.04148496434796508,0.017272588110000365,0.09537725421010301,5.286987483930322,Renova 
1.097718642376616,-37810400.41121384,0.04148496434796508,0.017272588110000365,0.09537725421010301,5.286987483930322,Renova 
1.0961841624846518,-290031824.70749176,0.04148496434796508,0.017272588110000365,0.09537725421010301,5.286987483930322,Renova 
1.1486371858238413,436832106.5061939,0.04148496434796508,0.017272588110000365,0.09537725421010301,5.286987483930322,Renova 
1.1276242467146087,27695413.23583202,0.04148496434796508,0.017272588110000365,0.09537725421010301,5.286987483930322,Renova 
1.1175742313632315,385689133.60063887,0.03488811914477645,0.014525940214527409,0.08021057896237356,4.446262691927581,Renova 
1.108250243525696,65996068.21769592,0.03488811914477645,0.014525940214527409,0.08021057896237356,4.446262691927581,Renova 
1.1136636482642859,-136886864.1851466,0.03488811914477645,0.014525940214527409,0.08021057896237356,4.446262691927581,Renova 
1.1426682191883908,-57766958.39219797,0.03488811914477645,0.014525940214527409,0.08021057896237356,4.446262691927581,Renova 
1.1172399251128267,-195025710.79984662,0.03488811914477645,0.014525940214527409,0.08021057896237356,4.446262691927581,Renova 
1.1304636072521161,-96100109.06574969,0.03488811914477645,0.014525940214527409,0.08021057896237356,4.446262691927581,Renova 
1.11042699473533,-186302603.3566391,0.03488811914477645,0.014525940214527409,0.08021057896237356,4.446262691927581,Renova 
1.1408473181331185,141624741.6868476,0.03488811914477645,0.014525940214527409,0.08021057896237356,4.446262691927581,Renova 
1.0961046806443833,-286153471.3255896,0.03488811914477645,0.014525940214527409,0.08021057896237356,4.446262691927581,Renova 
1.1304053385322017,103280452.86435121,0.03488811914477645,0.014525940214527409,0.08021057896237356,4.446262691927581,Renova 
1.1287758358000215,290504955.85745543,0.03488811914477645,0.014525940214527409,0.08021057896237356,4.446262691927581,Renova 
1.1293379900435214,41763939.671689354,0.03488811914477645,0.014525940214527409,0.08021057896237356,4.446262691927581,Renova 
1.1438348479690081,320901721.6365326,0.03488811914477645,0.014525940214527409,0.08021057896237356,4.446262691927581,Renova 
1.1079499017902374,281750119.8136742,0.03488811914477645,0.014525940214527409,0.08021057896237356,4.446262691927581,Renova 
1.1537826035117948,57628606.30054837,0.03488811914477645,0.014525940214527409,0.08021057896237356,4.446262691927581,Renova 
1.1122560654771896,183272227.37603328,0.03488811914477645,0.014525940214527409,0.08021057896237356,4.446262691927581,Renova 
1.115790839783802,148862730.11835247,0.03488811914477645,0.014525940214527409,0.08021057896237356,4.446262691927581,Renova 
1.1186310460984172,122209540.0180746,0.03488811914477645,0.014525940214527409,0.08021057896237356,4.446262691927581,Renova 
1.1112465362825965,415775214.7352468,0.03488811914477645,0.014525940214527409,0.08021057896237356,4.446262691927581,Renova 
1.139881753597639,-107661564.46812017,0.03488811914477645,0.014525940214527409,0.08021057896237356,4.446262691927581,Renova 
1.1375373424303246,-477574597.9946721,0.03488811914477645,0.014525940214527409,0.08021057896237356,4.446262691927581,Renova 
1.1444303150097692,-230355932.97191945,0.03488811914477645,0.014525940214527409,0.08021057896237356,4.446262691927581,Renova 
1.1392771192812117,223597667.40663144,0.03488811914477645,0.014525940214527409,0.08021057896237356,4.446262691927581,Renova 
1.1407099649321994,147773889.22875667,0.03488811914477645,0.014525940214527409,0.08021057896237356,4.446262691927581,Renova 
1.122868493198867,37798527.94711294,0.03488811914477645,0.014525940214527409,0.08021057896237356,4.446262691927581,Renova 
1.1357615937252568,158817062.6343459,0.03488811914477645,0.014525940214527409,0.08021057896237356,4.446262691927581,Renova 
1.099250843285725,-120571233.03334282,0.03488811914477645,0.014525940214527409,0.08021057896237356,4.446262691927581,Renova 
1.0977729278040678,-379881719.5087056,0.03488811914477645,0.014525940214527409,0.08021057896237356,4.446262691927581,Renova 
1.1531248936133212,262294929.8153521,0.03488811914477645,0.014525940214527409,0.08021057896237356,4.446262691927581,Renova 
1.1295626660729836,-84051501.85466884,0.03488811914477645,0.014525940214527409,0.08021057896237356,4.446262691927581,Renova 
1.1320422400159622,827736108.5859437,0.0521006154673554,0.02169249715865518,0.11978348599392086,6.639882815627542,Renova 
1.1233252536967389,569572708.5637871,0.0521006154673554,0.02169249715865518,0.11978348599392086,6.639882815627542,Renova 
1.1245517534499525,390512234.03252757,0.0521006154673554,0.02169249715865518,0.11978348599392086,6.639882815627542,Renova 
1.1525621781415794,510603948.47130775,0.0521006154673554,0.02169249715865518,0.11978348599392086,6.639882815627542,Renova 
1.128344804922285,173753692.79303062,0.0521006154673554,0.02169249715865518,0.11978348599392086,6.639882815627542,Renova 
1.1420678203351007,321047811.45002633,0.0521006154673554,0.02169249715865518,0.11978348599392086,6.639882815627542,Renova 
1.1203696343506568,209436429.30925918,0.0521006154673554,0.02169249715865518,0.11978348599392086,6.639882815627542,Renova 
1.1505393757381501,585970349.4700156,0.0521006154673554,0.02169249715865518,0.11978348599392086,6.639882815627542,Renova 
1.1133098220813897,-21145298.415270437,0.0521006154673554,0.02169249715865518,0.11978348599392086,6.639882815627542,Renova 
1.1405166545265393,583261432.9434962,0.0521006154673554,0.02169249715865518,0.11978348599392086,6.639882815627542,Renova 
1.140976813674325,772678014.0436598,0.0521006154673554,0.02169249715865518,0.11978348599392086,6.639882815627542,Renova 
1.13895123264273,487010563.56043166,0.0521006154673554,0.02169249715865518,0.11978348599392086,6.639882815627542,Renova 
1.1549107713764981,803581388.2793298,0.0521006154673554,0.02169249715865518,0.11978348599392086,6.639882815627542,Renova 
1.1201547376231593,884785543.5669073,0.0521006154673554,0.02169249715865518,0.11978348599392086,6.639882815627542,Renova 
1.1608391645321607,426828709.6452708,0.0521006154673554,0.02169249715865518,0.11978348599392086,6.639882815627542,Renova 
1.124621661844774,773969419.205649,0.0521006154673554,0.02169249715865518,0.11978348599392086,6.639882815627542,Renova 
1.1307064069136947,518863251.520075,0.0521006154673554,0.02169249715865518,0.11978348599392086,6.639882815627542,Renova 
1.1297086663555311,589576971.0976596,0.0521006154673554,0.02169249715865518,0.11978348599392086,6.639882815627542,Renova 
1.123157189138889,991711866.799378,0.0521006154673554,0.02169249715865518,0.11978348599392086,6.639882815627542,Renova 
1.1441680009255057,360199835.7997269,0.0521006154673554,0.02169249715865518,0.11978348599392086,6.639882815627542,Renova 
1.146131730783536,-79423751.00800231,0.0521006154673554,0.02169249715865518,0.11978348599392086,6.639882815627542,Renova 
1.1526118607014975,124149905.45447455,0.0521006154673554,0.02169249715865518,0.11978348599392086,6.639882815627542,Renova 
1.1509074805816992,705637214.8878362,0.0521006154673554,0.02169249715865518,0.11978348599392086,6.639882815627542,Renova 
1.1489174549650083,582328366.9869727,0.0521006154673554,0.02169249715865518,0.11978348599392086,6.639882815627542,Renova 
1.1363168795632985,407794778.532365,0.0521006154673554,0.02169249715865518,0.11978348599392086,6.639882815627542,Renova 
1.145251268918122,646994432.7469553,0.0521006154673554,0.02169249715865518,0.11978348599392086,6.639882815627542,Renova 
1.11251963842872,138743444.50541636,0.0521006154673554,0.02169249715865518,0.11978348599392086,6.639882815627542,Renova 
1.1112517702281894,-61061101.46173581,0.0521006154673554,0.02169249715865518,0.11978348599392086,6.639882815627542,Renova 
1.1614660467566278,791872556.5632733,0.0521006154673554,0.02169249715865518,0.11978348599392086,6.639882815627542,Renova 
1.1398203321902625,255413544.65082482,0.0521006154673554,0.02169249715865518,0.11978348599392086,6.639882815627542,Renova 
1.1400616638227834,24430511.77425947,0.04472768838739113,0.018622721527438147,0.10283253638046654,5.700251462331848,Kristinehedsverket 
1.1440443833183893,-90204117.19226432,0.04472768838739113,0.018622721527438147,0.10283253638046654,5.700251462331848,Kristinehedsverket 
1.157570923428931,2101350.941687989,0.04472768838739113,0.018622721527438147,0.10283253638046654,5.700251462331848,Kristinehedsverket 
1.1349634970782823,-73625439.39233701,0.04472768838739113,0.018622721527438147,0.10283253638046654,5.700251462331848,Kristinehedsverket 
1.1573461781315926,139677726.0379682,0.04472768838739113,0.018622721527438147,0.10283253638046654,5.700251462331848,Kristinehedsverket 
1.1524850677409022,-98313786.94628201,0.04472768838739113,0.018622721527438147,0.10283253638046654,5.700251462331848,Kristinehedsverket 
1.1506184267925146,-9479725.560629975,0.04472768838739113,0.018622721527438147,0.10283253638046654,5.700251462331848,Kristinehedsverket 
1.1557864254194414,21588570.161668096,0.04472768838739113,0.018622721527438147,0.10283253638046654,5.700251462331848,Kristinehedsverket 
1.1470565646631743,2145255.033305887,0.04472768838739113,0.018622721527438147,0.10283253638046654,5.700251462331848,Kristinehedsverket 
1.1220726434868251,41465222.82174363,0.04472768838739113,0.018622721527438147,0.10283253638046654,5.700251462331848,Kristinehedsverket 
1.136082098145456,-78238283.90355755,0.04472768838739113,0.018622721527438147,0.10283253638046654,5.700251462331848,Kristinehedsverket 
1.1277980103037648,93995663.42337333,0.04472768838739113,0.018622721527438147,0.10283253638046654,5.700251462331848,Kristinehedsverket 
1.142771794158985,-49162695.783318974,0.04472768838739113,0.018622721527438147,0.10283253638046654,5.700251462331848,Kristinehedsverket 
1.1268653649617448,-55173781.88401951,0.04472768838739113,0.018622721527438147,0.10283253638046654,5.700251462331848,Kristinehedsverket 
1.1490997484259846,6934593.59148212,0.04472768838739113,0.018622721527438147,0.10283253638046654,5.700251462331848,Kristinehedsverket 
1.145910587046363,-11374865.186085738,0.04472768838739113,0.018622721527438147,0.10283253638046654,5.700251462331848,Kristinehedsverket 
1.1352294885724998,-30426773.876101755,0.04472768838739113,0.018622721527438147,0.10283253638046654,5.700251462331848,Kristinehedsverket 
1.1280358873833016,183985403.05975968,0.04472768838739113,0.018622721527438147,0.10283253638046654,5.700251462331848,Kristinehedsverket 
1.1378601441635012,-69906641.85480846,0.04472768838739113,0.018622721527438147,0.10283253638046654,5.700251462331848,Kristinehedsverket 
1.1239133813702005,21935575.193060167,0.04472768838739113,0.018622721527438147,0.10283253638046654,5.700251462331848,Kristinehedsverket 
1.17128189006916,44353166.33997022,0.04472768838739113,0.018622721527438147,0.10283253638046654,5.700251462331848,Kristinehedsverket 
1.1607939217556658,171415552.73574516,0.04472768838739113,0.018622721527438147,0.10283253638046654,5.700251462331848,Kristinehedsverket 
1.1566889882353577,19715749.908667028,0.04472768838739113,0.018622721527438147,0.10283253638046654,5.700251462331848,Kristinehedsverket 
1.150907939750254,29384165.123508666,0.04472768838739113,0.018622721527438147,0.10283253638046654,5.700251462331848,Kristinehedsverket 
1.1199040970824659,24554618.941008545,0.04472768838739113,0.018622721527438147,0.10283253638046654,5.700251462331848,Kristinehedsverket 
1.1492718954589263,-9467421.292334221,0.04472768838739113,0.018622721527438147,0.10283253638046654,5.700251462331848,Kristinehedsverket 
1.1391469775755607,48138290.34814489,0.04472768838739113,0.018622721527438147,0.10283253638046654,5.700251462331848,Kristinehedsverket 
1.1260800319517938,118486616.38257813,0.04472768838739113,0.018622721527438147,0.10283253638046654,5.700251462331848,Kristinehedsverket 
1.1735807292264242,135922513.50590873,0.04472768838739113,0.018622721527438147,0.10283253638046654,5.700251462331848,Kristinehedsverket 
1.1296681819409375,56135607.05635175,0.04472768838739113,0.018622721527438147,0.10283253638046654,5.700251462331848,Kristinehedsverket 
1.1449451184235575,-44130152.49753749,0.031124878772416226,0.0129590857666004,0.07155858807146348,3.966662309948086,Kristinehedsverket 
1.1486122327482462,-133668378.90015066,0.031124878772416226,0.0129590857666004,0.07155858807146348,3.966662309948086,Kristinehedsverket 
1.1602085582579063,-58111772.71435624,0.031124878772416226,0.0129590857666004,0.07155858807146348,3.966662309948086,Kristinehedsverket 
1.1401769082904278,-131390309.40692754,0.031124878772416226,0.0129590857666004,0.07155858807146348,3.966662309948086,Kristinehedsverket 
1.160902596658275,36579431.35504821,0.031124878772416226,0.0129590857666004,0.07155858807146348,3.966662309948086,Kristinehedsverket 
1.156402802729307,-152925181.5655944,0.031124878772416226,0.0129590857666004,0.07155858807146348,3.966662309948086,Kristinehedsverket 
1.1546917601170954,-76140147.60475872,0.031124878772416226,0.0129590857666004,0.07155858807146348,3.966662309948086,Kristinehedsverket 
1.1584491678049864,-40622064.645388395,0.031124878772416226,0.0129590857666004,0.07155858807146348,3.966662309948086,Kristinehedsverket 
1.1513748923751976,-70639393.16187821,0.031124878772416226,0.0129590857666004,0.07155858807146348,3.966662309948086,Kristinehedsverket 
1.1282567853324588,-32457035.445405904,0.031124878772416226,0.0129590857666004,0.07155858807146348,3.966662309948086,Kristinehedsverket 
1.138887272880474,-125470021.9473523,0.031124878772416226,0.0129590857666004,0.07155858807146348,3.966662309948086,Kristinehedsverket 
1.13131233039666,8370902.217133122,0.031124878772416226,0.0129590857666004,0.07155858807146348,3.966662309948086,Kristinehedsverket 
1.1473943000503382,-95680959.91052125,0.031124878772416226,0.0129590857666004,0.07155858807146348,3.966662309948086,Kristinehedsverket 
1.130228548314263,-118811029.78355479,0.031124878772416226,0.0129590857666004,0.07155858807146348,3.966662309948086,Kristinehedsverket 
1.1532675203776215,-75700931.76027459,0.031124878772416226,0.0129590857666004,0.07155858807146348,3.966662309948086,Kristinehedsverket 
1.1503234155538806,-73674665.80241396,0.031124878772416226,0.0129590857666004,0.07155858807146348,3.966662309948086,Kristinehedsverket 
1.140420021497905,-71839368.73438868,0.031124878772416226,0.0129590857666004,0.07155858807146348,3.966662309948086,Kristinehedsverket 
1.133759329356404,53121166.29040418,0.031124878772416226,0.0129590857666004,0.07155858807146348,3.966662309948086,Kristinehedsverket 
1.141144974039667,-112935085.130297,0.031124878772416226,0.0129590857666004,0.07155858807146348,3.966662309948086,Kristinehedsverket 
1.1280472062495936,-52092196.486649685,0.031124878772416226,0.0129590857666004,0.07155858807146348,3.966662309948086,Kristinehedsverket 
1.172947628437063,-25207504.235512678,0.031124878772416226,0.0129590857666004,0.07155858807146348,3.966662309948086,Kristinehedsverket 
1.1624618761434489,77493935.8971814,0.031124878772416226,0.0129590857666004,0.07155858807146348,3.966662309948086,Kristinehedsverket 
1.1587223209054145,-51683045.00894825,0.031124878772416226,0.0129590857666004,0.07155858807146348,3.966662309948086,Kristinehedsverket 
1.1549285459158911,-47022240.062856674,0.031124878772416226,0.0129590857666004,0.07155858807146348,3.966662309948086,Kristinehedsverket 
1.1256363620017835,-66505975.45826213,0.031124878772416226,0.0129590857666004,0.07155858807146348,3.966662309948086,Kristinehedsverket 
1.15342535775447,-73180355.28228186,0.031124878772416226,0.0129590857666004,0.07155858807146348,3.966662309948086,Kristinehedsverket 
1.1440525286906342,-34133435.59021678,0.031124878772416226,0.0129590857666004,0.07155858807146348,3.966662309948086,Kristinehedsverket 
1.131956589484578,33982274.96516947,0.031124878772416226,0.0129590857666004,0.07155858807146348,3.966662309948086,Kristinehedsverket 
1.1753644869167597,42922494.12539585,0.031124878772416226,0.0129590857666004,0.07155858807146348,3.966662309948086,Kristinehedsverket 
1.1333011057208149,-57970659.36540261,0.031124878772416226,0.0129590857666004,0.07155858807146348,3.966662309948086,Kristinehedsverket 
1.1455174243646349,37635540.59844727,0.04614818645380141,0.019214156964295653,0.10609837515638003,5.881284653901332,Kristinehedsverket 
1.1491451600081792,-78761997.0255875,0.04614818645380141,0.019214156964295653,0.10609837515638003,5.881284653901332,Kristinehedsverket 
1.1606686979411782,14272726.932117239,0.04614818645380141,0.019214156964295653,0.10609837515638003,5.881284653901332,Kristinehedsverket 
1.1407957460591531,-56079728.68960548,0.04614818645380141,0.019214156964295653,0.10609837515638003,5.881284653901332,Kristinehedsverket 
1.1613137131571658,157749259.45283154,0.04614818645380141,0.019214156964295653,0.10609837515638003,5.881284653901332,Kristinehedsverket 
1.156858806279943,-85353010.93356436,0.04614818645380141,0.019214156964295653,0.10609837515638003,5.881284653901332,Kristinehedsverket 
1.1551636802226803,3736892.415486999,0.04614818645380141,0.019214156964295653,0.10609837515638003,5.881284653901332,Kristinehedsverket 
1.1589237214818748,34942566.70784039,0.04614818645380141,0.019214156964295653,0.10609837515638003,5.881284653901332,Kristinehedsverket 
1.1518814904169823,15769288.11625976,0.04614818645380141,0.019214156964295653,0.10609837515638003,5.881284653901332,Kristinehedsverket 
1.1289937217026358,53654727.28200382,0.04614818645380141,0.019214156964295653,0.10609837515638003,5.881284653901332,Kristinehedsverket 
1.1395123675052203,-65074942.18436583,0.04614818645380141,0.019214156964295653,0.10609837515638003,5.881284653901332,Kristinehedsverket 
1.132037514073985,105966535.05427712,0.04614818645380141,0.019214156964295653,0.10609837515638003,5.881284653901332,Kristinehedsverket 
1.1479383022391971,-37885264.64026241,0.04614818645380141,0.019214156964295653,0.10609837515638003,5.881284653901332,Kristinehedsverket 
1.1309510568790737,-42124566.051359974,0.04614818645380141,0.019214156964295653,0.10609837515638003,5.881284653901332,Kristinehedsverket 
1.1537551588465786,25457676.86456026,0.04614818645380141,0.019214156964295653,0.10609837515638003,5.881284653901332,Kristinehedsverket 
1.1508390723910544,2025992.468908096,0.04614818645380141,0.019214156964295653,0.10609837515638003,5.881284653901332,Kristinehedsverket 
1.1410348948855162,-19278151.6190012,0.04614818645380141,0.019214156964295653,0.10609837515638003,5.881284653901332,Kristinehedsverket 
1.1344412138393023,204545858.241176,0.04614818645380141,0.019214156964295653,0.10609837515638003,5.881284653901332,Kristinehedsverket 
1.141775713875804,-59330132.20427404,0.04614818645380141,0.019214156964295653,0.10609837515638003,5.881284653901332,Kristinehedsverket 
1.128812992400521,34107482.016028725,0.04614818645380141,0.019214156964295653,0.10609837515638003,5.881284653901332,Kristinehedsverket 
1.1732830484910552,56469661.48970754,0.04614818645380141,0.019214156964295653,0.10609837515638003,5.881284653901332,Kristinehedsverket 
1.1628562704285548,181420891.80001885,0.04614818645380141,0.019214156964295653,0.10609837515638003,5.881284653901332,Kristinehedsverket 
1.1591603224374787,30546930.432175748,0.04614818645380141,0.019214156964295653,0.10609837515638003,5.881284653901332,Kristinehedsverket 
1.1553973299780493,43891786.14302279,0.04614818645380141,0.019214156964295653,0.10609837515638003,5.881284653901332,Kristinehedsverket 
1.1263988753582703,43719798.97769992,0.04614818645380141,0.019214156964295653,0.10609837515638003,5.881284653901332,Kristinehedsverket 
1.1539113454324161,2418021.9005809766,0.04614818645380141,0.019214156964295653,0.10609837515638003,5.881284653901332,Kristinehedsverket 
1.144632187425488,61735690.658830315,0.04614818645380141,0.019214156964295653,0.10609837515638003,5.881284653901332,Kristinehedsverket 
1.132657198143317,132461273.04186743,0.04614818645380141,0.019214156964295653,0.10609837515638003,5.881284653901332,Kristinehedsverket 
1.175711970327487,146602647.40471512,0.04614818645380141,0.019214156964295653,0.10609837515638003,5.881284653901332,Kristinehedsverket 
1.1340202484440787,78412132.67687485,0.04614818645380141,0.019214156964295653,0.10609837515638003,5.881284653901332,Kristinehedsverket 
1.138889473848414,56411473.10091925,0.05086694487838356,0.021178848797576685,0.11694717854554129,6.482659564608719,Kristinehedsverket 
1.1429549064112494,-70476109.24465032,0.05086694487838356,0.021178848797576685,0.11694717854554129,6.482659564608719,Kristinehedsverket 
1.156575100804254,28960600.952144954,0.05086694487838356,0.021178848797576685,0.11694717854554129,6.482659564608719,Kristinehedsverket 
1.133687998738804,-47327222.335891835,0.05086694487838356,0.021178848797576685,0.11694717854554129,6.482659564608719,Kristinehedsverket 
1.1565019502653773,186819570.78026924,0.05086694487838356,0.021178848797576685,0.11694717854554129,6.482659564608719,Kristinehedsverket 
1.1515492731296972,-73474604.18780467,0.05086694487838356,0.021178848797576685,0.11694717854554129,6.482659564608719,Kristinehedsverket 
1.1496564744977595,20505459.6890665,0.05086694487838356,0.021178848797576685,0.11694717854554129,6.482659564608719,Kristinehedsverket 
1.1547597214267435,49091844.28724838,0.05086694487838356,0.021178848797576685,0.11694717854554129,6.482659564608719,Kristinehedsverket 
1.146014417409084,35323877.7020704,0.05086694487838356,0.021178848797576685,0.11694717854554129,6.482659564608719,Kristinehedsverket 
1.1205620514260597,75137358.07301378,0.05086694487838356,0.021178848797576685,0.11694717854554129,6.482659564608719,Kristinehedsverket 
1.1348034942477874,-57159732.70627858,0.05086694487838356,0.021178848797576685,0.11694717854554129,6.482659564608719,Kristinehedsverket 
1.1262864124027534,132912337.62097135,0.05086694487838356,0.021178848797576685,0.11694717854554129,6.482659564608719,Kristinehedsverket 
1.14166398061693,-27797774.539668817,0.05086694487838356,0.021178848797576685,0.11694717854554129,6.482659564608719,Kristinehedsverket 
1.1253693016208193,-26889121.111720636,0.05086694487838356,0.021178848797576685,0.11694717854554129,6.482659564608719,Kristinehedsverket 
1.1480970065128022,44704249.427636415,0.05086694487838356,0.021178848797576685,0.11694717854554129,6.482659564608719,Kristinehedsverket 
1.1448593819469535,17161623.392775904,0.05086694487838356,0.021178848797576685,0.11694717854554129,6.482659564608719,Kristinehedsverket 
1.1339748199463744,-11564317.778034808,0.05086694487838356,0.021178848797576685,0.11694717854554129,6.482659564608719,Kristinehedsverket 
1.1266426519486101,243466672.62153602,0.05086694487838356,0.021178848797576685,0.11694717854554129,6.482659564608719,Kristinehedsverket 
1.1365411948815138,-50890002.56399045,0.05086694487838356,0.021178848797576685,0.11694717854554129,6.482659564608719,Kristinehedsverket 
1.1223131141405427,55626814.01413926,0.05086694487838356,0.021178848797576685,0.11694717854554129,6.482659564608719,Kristinehedsverket 
1.1705361220873352,75890548.31897575,0.05086694487838356,0.021178848797576685,0.11694717854554129,6.482659564608719,Kristinehedsverket 
1.1599891410709882,214157962.744678,0.05086694487838356,0.021178848797576685,0.11694717854554129,6.482659564608719,Kristinehedsverket 
1.1557902268459268,51892456.96895008,0.05086694487838356,0.021178848797576685,0.11694717854554129,6.482659564608719,Kristinehedsverket 
1.1499561264355442,64340106.3487429,0.05086694487838356,0.021178848797576685,0.11694717854554129,6.482659564608719,Kristinehedsverket 
1.1183677217106387,65614821.68287986,0.05086694487838356,0.021178848797576685,0.11694717854554129,6.482659564608719,Kristinehedsverket 
1.1482712746803516,19422118.199729152,0.05086694487838356,0.021178848797576685,0.11694717854554129,6.482659564608719,Kristinehedsverket 
1.1379564748317803,86208032.18472837,0.05086694487838356,0.021178848797576685,0.11694717854554129,6.482659564608719,Kristinehedsverket 
1.1246404534660452,157949800.13871136,0.05086694487838356,0.021178848797576685,0.11694717854554129,6.482659564608719,Kristinehedsverket 
1.1727679918272031,178464475.7916191,0.05086694487838356,0.021178848797576685,0.11694717854554129,6.482659564608719,Kristinehedsverket 
1.1281483470997467,107255937.36615887,0.05086694487838356,0.021178848797576685,0.11694717854554129,6.482659564608719,Kristinehedsverket 
1.1382545197075924,-102884378.01576252,0.02150471475390362,0.008953655528100872,0.04944106082857047,2.7406353009185405,Kristinehedsverket 
1.1423659072558612,-177622590.08787102,0.02150471475390362,0.008953655528100872,0.04944106082857047,2.7406353009185405,Kristinehedsverket 
1.1560131854882516,-112413309.59840359,0.02150471475390362,0.008953655528100872,0.04944106082857047,2.7406353009185405,Kristinehedsverket 
1.1329889275130496,-194230679.37986824,0.02150471475390362,0.008953655528100872,0.04944106082857047,2.7406353009185405,Kristinehedsverket 
1.1560396866726435,-49636207.82812658,0.02150471475390362,0.008953655528100872,0.04944106082857047,2.7406353009185405,Kristinehedsverket 
1.1510373938340774,-205335370.40880084,0.02150471475390362,0.008953655528100872,0.04944106082857047,2.7406353009185405,Kristinehedsverket 
1.1491361939737892,-135537373.63858652,0.02150471475390362,0.008953655528100872,0.04944106082857047,2.7406353009185405,Kristinehedsverket 
1.1541819799386883,-98601236.0181265,0.02150471475390362,0.008953655528100872,0.04944106082857047,2.7406353009185405,Kristinehedsverket 
1.1454434904606035,-133318058.61257812,0.02150471475390362,0.008953655528100872,0.04944106082857047,2.7406353009185405,Kristinehedsverket 
1.119739524490838,-92954385.83387767,0.02150471475390362,0.008953655528100872,0.04944106082857047,2.7406353009185405,Kristinehedsverket 
1.1341009597927043,-174816554.88229614,0.02150471475390362,0.008953655528100872,0.04944106082857047,2.7406353009185405,Kristinehedsverket 
1.1254561348409338,-57341089.25031119,0.02150471475390362,0.008953655528100872,0.04944106082857047,2.7406353009185405,Kristinehedsverket 
1.1410566872068966,-140496935.7543039,0.02150471475390362,0.008953655528100872,0.04944106082857047,2.7406353009185405,Kristinehedsverket 
1.1245444740600803,-176569085.57965678,0.02150471475390362,0.008953655528100872,0.04944106082857047,2.7406353009185405,Kristinehedsverket 
1.1475477553410611,-152650721.08516604,0.02150471475390362,0.008953655528100872,0.04944106082857047,2.7406353009185405,Kristinehedsverket 
1.1442883591135755,-130511653.044816,0.02150471475390362,0.008953655528100872,0.04944106082857047,2.7406353009185405,Kristinehedsverket 
1.1332895123815663,-114104602.07940361,0.02150471475390362,0.008953655528100872,0.04944106082857047,2.7406353009185405,Kristinehedsverket 
1.1258808298517404,-52187709.66693722,0.02150471475390362,0.008953655528100872,0.04944106082857047,2.7406353009185405,Kristinehedsverket 
1.135808796656552,-155550090.38470393,0.02150471475390362,0.008953655528100872,0.04944106082857047,2.7406353009185405,Kristinehedsverket 
1.121423565100312,-112344152.47394748,0.02150471475390362,0.008953655528100872,0.04944106082857047,2.7406353009185405,Kristinehedsverket 
1.170118960185293,-83432588.78560357,0.02150471475390362,0.008953655528100872,0.04944106082857047,2.7406353009185405,Kristinehedsverket 
1.159548082021313,11317842.697652172,0.02150471475390362,0.008953655528100872,0.04944106082857047,2.7406353009185405,Kristinehedsverket 
1.1552991879047299,-108615822.65867679,0.02150471475390362,0.008953655528100872,0.04944106082857047,2.7406353009185405,Kristinehedsverket 
1.1494344552769498,-113044957.02904661,0.02150471475390362,0.008953655528100872,0.04944106082857047,2.7406353009185405,Kristinehedsverket 
1.1175254511392256,-149585424.70525628,0.02150471475390362,0.008953655528100872,0.04944106082857047,2.7406353009185405,Kristinehedsverket 
1.1477233866182466,-128181921.66133301,0.02150471475390362,0.008953655528100872,0.04944106082857047,2.7406353009185405,Kristinehedsverket 
1.1373049669645219,-100704774.5153932,0.02150471475390362,0.008953655528100872,0.04944106082857047,2.7406353009185405,Kristinehedsverket 
1.1238532500958285,-33912416.658582695,0.02150471475390362,0.008953655528100872,0.04944106082857047,2.7406353009185405,Kristinehedsverket 
1.172300837269393,-23788090.58357666,0.02150471475390362,0.008953655528100872,0.04944106082857047,2.7406353009185405,Kristinehedsverket 
1.12730409837204,-158943187.38160825,0.02150471475390362,0.008953655528100872,0.04944106082857047,2.7406353009185405,Kristinehedsverket 
1.1415882085747067,-28265553.663818866,0.03469430958494621,0.014445246094348118,0.07976499526845425,4.42156293062385,Kristinehedsverket 
1.1454765915991867,-124714957.80166315,0.03469430958494621,0.014445246094348118,0.07976499526845425,4.42156293062385,Kristinehedsverket 
1.1588066552818113,-44175089.01373125,0.03469430958494621,0.014445246094348118,0.07976499526845425,4.42156293062385,Kristinehedsverket 
1.1365812996315778,-120319101.84172752,0.03469430958494621,0.014445246094348118,0.07976499526845425,4.42156293062385,Kristinehedsverket 
1.1584688993075998,61050697.61458919,0.03469430958494621,0.014445246094348118,0.07976499526845425,4.42156293062385,Kristinehedsverket 
1.153716979199344,-141174535.91186056,0.03469430958494621,0.014445246094348118,0.07976499526845425,4.42156293062385,Kristinehedsverket 
1.1519028727858456,-60875754.532211766,0.03469430958494621,0.014445246094348118,0.07976499526845425,4.42156293062385,Kristinehedsverket 
1.1570597838911758,-26554258.247448426,0.03469430958494621,0.014445246094348118,0.07976499526845425,4.42156293062385,Kristinehedsverket 
1.1484071548553891,-53679637.365692675,0.03469430958494621,0.014445246094348118,0.07976499526845425,4.42156293062385,Kristinehedsverket 
1.1239887121133498,-14650873.778345883,0.03469430958494621,0.014445246094348118,0.07976499526845425,4.42156293062385,Kristinehedsverket 
1.1376982411680645,-115425390.99563129,0.03469430958494621,0.014445246094348118,0.07976499526845425,4.42156293062385,Kristinehedsverket 
1.1296695807512058,30365680.904019635,0.03469430958494621,0.014445246094348118,0.07976499526845425,4.42156293062385,Kristinehedsverket 
1.144221869419229,-85749939.18508129,0.03469430958494621,0.014445246094348118,0.07976499526845425,4.42156293062385,Kristinehedsverket 
1.1287111604501676,-103937949.82066508,0.03469430958494621,0.014445246094348118,0.07976499526845425,4.42156293062385,Kristinehedsverket 
1.150405490787557,-57521252.02787844,0.03469430958494621,0.014445246094348118,0.07976499526845425,4.42156293062385,Kristinehedsverket 
1.1472968413276357,-59762589.43867125,0.03469430958494621,0.014445246094348118,0.07976499526845425,4.42156293062385,Kristinehedsverket 
1.1368487725697793,-63394466.28896753,0.03469430958494621,0.014445246094348118,0.07976499526845425,4.42156293062385,Kristinehedsverket 
1.1298146547391936,85007512.81559196,0.03469430958494621,0.014445246094348118,0.07976499526845425,4.42156293062385,Kristinehedsverket 
1.1395030474788228,-103533531.29623094,0.03469430958494621,0.014445246094348118,0.07976499526845425,4.42156293062385,Kristinehedsverket 
1.1258724775849618,-33671346.63745144,0.03469430958494621,0.014445246094348118,0.07976499526845425,4.42156293062385,Kristinehedsverket 
1.1722300147396603,-8338429.109833063,0.03469430958494621,0.014445246094348118,0.07976499526845425,4.42156293062385,Kristinehedsverket 
1.1618695048141348,102297240.1330994,0.03469430958494621,0.014445246094348118,0.07976499526845425,4.42156293062385,Kristinehedsverket 
1.1578778123614806,-33868297.17684642,0.03469430958494621,0.014445246094348118,0.07976499526845425,4.42156293062385,Kristinehedsverket 
1.1521778885137166,-29285460.79794073,0.03469430958494621,0.014445246094348118,0.07976499526845425,4.42156293062385,Kristinehedsverket 
1.1218569174589559,-45941311.31606874,0.03469430958494621,0.014445246094348118,0.07976499526845425,4.42156293062385,Kristinehedsverket 
1.1505723114972821,-58323867.82279762,0.03469430958494621,0.014445246094348118,0.07976499526845425,4.42156293062385,Kristinehedsverket 
1.1406753449539242,-14308117.065199375,0.03469430958494621,0.014445246094348118,0.07976499526845425,4.42156293062385,Kristinehedsverket 
1.1279003576965636,54352529.00712197,0.03469430958494621,0.014445246094348118,0.07976499526845425,4.42156293062385,Kristinehedsverket 
1.1745411821271332,67291755.27185185,0.03469430958494621,0.014445246094348118,0.07976499526845425,4.42156293062385,Kristinehedsverket 
1.1315122815386665,-31150407.438674163,0.03469430958494621,0.014445246094348118,0.07976499526845425,4.42156293062385,Kristinehedsverket 
1.133439193490358,-22746045.80770631,0.03719262042877895,0.015485437278178487,0.08550881190644014,4.739956314104219,Kristinehedsverket 
1.1386430324161445,-124514429.79441011,0.03719262042877895,0.015485437278178487,0.08550881190644014,4.739956314104219,Kristinehedsverket 
1.1488794438889016,-42857865.03999465,0.03719262042877895,0.015485437278178487,0.08550881190644014,4.739956314104219,Kristinehedsverket 
1.1298812171555357,-122181658.00882836,0.03719262042877895,0.015485437278178487,0.08550881190644014,4.739956314104219,Kristinehedsverket 
1.15427846559955,72375094.96720609,0.03719262042877895,0.015485437278178487,0.08550881190644014,4.739956314104219,Kristinehedsverket 
1.14900333616655,-139062639.5390075,0.03719262042877895,0.015485437278178487,0.08550881190644014,4.739956314104219,Kristinehedsverket 
1.1459371888593524,-55763364.69704662,0.03719262042877895,0.015485437278178487,0.08550881190644014,4.739956314104219,Kristinehedsverket 
1.1467277260569524,-25524755.912359048,0.03719262042877895,0.015485437278178487,0.08550881190644014,4.739956314104219,Kristinehedsverket 
1.1430654800907984,-46823113.08392429,0.03719262042877895,0.015485437278178487,0.08550881190644014,4.739956314104219,Kristinehedsverket 
1.1149141911852047,-5997235.735454867,0.03719262042877895,0.015485437278178487,0.08550881190644014,4.739956314104219,Kristinehedsverket 
1.1295038776349693,-118901137.72966915,0.03719262042877895,0.015485437278178487,0.08550881190644014,4.739956314104219,Kristinehedsverket 
1.114091574221137,36279719.36172818,0.03719262042877895,0.015485437278178487,0.08550881190644014,4.739956314104219,Kristinehedsverket 
1.1375415931050128,-84225799.39826295,0.03719262042877895,0.015485437278178487,0.08550881190644014,4.739956314104219,Kristinehedsverket 
1.1157315639764833,-103540059.1080467,0.03719262042877895,0.015485437278178487,0.08550881190644014,4.739956314104219,Kristinehedsverket 
1.1453039910824756,-52833964.3723735,0.03719262042877895,0.015485437278178487,0.08550881190644014,4.739956314104219,Kristinehedsverket 
1.1409923529010255,-55865169.05232288,0.03719262042877895,0.015485437278178487,0.08550881190644014,4.739956314104219,Kristinehedsverket 
1.129343884563778,-63385143.90958678,0.03719262042877895,0.015485437278178487,0.08550881190644014,4.739956314104219,Kristinehedsverket 
1.121415556195338,101398105.28144914,0.03719262042877895,0.015485437278178487,0.08550881190644014,4.739956314104219,Kristinehedsverket 
1.1264268712729264,-105835731.82957064,0.03719262042877895,0.015485437278178487,0.08550881190644014,4.739956314104219,Kristinehedsverket 
1.1105858874938535,-31292705.825088967,0.03719262042877895,0.015485437278178487,0.08550881190644014,4.739956314104219,Kristinehedsverket 
1.1636067006058444,-5186437.089739887,0.03719262042877895,0.015485437278178487,0.08550881190644014,4.739956314104219,Kristinehedsverket 
1.15518713181898,117666560.05765331,0.03719262042877895,0.015485437278178487,0.08550881190644014,4.739956314104219,Kristinehedsverket 
1.1483749635903806,-27494506.46122582,0.03719262042877895,0.015485437278178487,0.08550881190644014,4.739956314104219,Kristinehedsverket 
1.14633340161266,-22374130.033254173,0.03719262042877895,0.015485437278178487,0.08550881190644014,4.739956314104219,Kristinehedsverket 
1.1125838459260373,-40494357.018406615,0.03719262042877895,0.015485437278178487,0.08550881190644014,4.739956314104219,Kristinehedsverket 
1.145465967039627,-52372769.74641009,0.03719262042877895,0.015485437278178487,0.08550881190644014,4.739956314104219,Kristinehedsverket 
1.1344712427393822,-4103139.742056268,0.03719262042877895,0.015485437278178487,0.08550881190644014,4.739956314104219,Kristinehedsverket 
1.1245066048918844,67219494.80730174,0.03719262042877895,0.015485437278178487,0.08550881190644014,4.739956314104219,Kristinehedsverket 
1.1662904061986958,79472219.42388716,0.03719262042877895,0.015485437278178487,0.08550881190644014,4.739956314104219,Kristinehedsverket 
1.1172527934703451,-28310602.987001397,0.03719262042877895,0.015485437278178487,0.08550881190644014,4.739956314104219,Kristinehedsverket 
1.1393132555257908,-72150478.37692052,0.02699265781638933,0.011238603377986135,0.06205828127911536,3.4400377649177027,Kristinehedsverket 
1.1433490987594797,-155836339.42830938,0.02699265781638933,0.011238603377986135,0.06205828127911536,3.4400377649177027,Kristinehedsverket 
1.1569498377918601,-84206074.27237093,0.02699265781638933,0.011238603377986135,0.06205828127911536,3.4400377649177027,Kristinehedsverket 
1.1341517023735581,-163858132.12310576,0.02699265781638933,0.011238603377986135,0.06205828127911536,3.4400377649177027,Kristinehedsverket 
1.156813621356604,-3878658.7090891823,0.02699265781638933,0.011238603377986135,0.06205828127911536,3.4400377649177027,Kristinehedsverket 
1.151892710573258,-178883276.4043022,0.02699265781638933,0.011238603377986135,0.06205828127911536,3.4400377649177027,Kristinehedsverket 
1.1500064054324053,-104652684.78479198,0.02699265781638933,0.011238603377986135,0.06205828127911536,3.4400377649177027,Kristinehedsverket 
1.1551445534518958,-68801982.89881513,0.02699265781638933,0.011238603377986135,0.06205828127911536,3.4400377649177027,Kristinehedsverket 
1.146395705199314,-100403456.53427152,0.02699265781638933,0.011238603377986135,0.06205828127911536,3.4400377649177027,Kristinehedsverket 
1.1211046769998811,-60543618.018874444,0.02699265781638933,0.011238603377986135,0.06205828127911536,3.4400377649177027,Kristinehedsverket 
1.1352694025379302,-150468683.0397855,0.02699265781638933,0.011238603377986135,0.06205828127911536,3.4400377649177027,Kristinehedsverket 
1.1268354337838946,-21113419.91766177,0.02699265781638933,0.011238603377986135,0.06205828127911536,3.4400377649177027,Kristinehedsverket 
1.1420667266476572,-117958334.37131067,0.02699265781638933,0.011238603377986135,0.06205828127911536,3.4400377649177027,Kristinehedsverket 
1.1259147757342123,-146601061.66715023,0.02699265781638933,0.011238603377986135,0.06205828127911536,3.4400377649177027,Kristinehedsverket 
1.1484642342936204,-113430335.02292925,0.02699265781638933,0.011238603377986135,0.06205828127911536,3.4400377649177027,Kristinehedsverket 
1.1452411945356349,-101342938.7015085,0.02699265781638933,0.011238603377986135,0.06205828127911536,3.4400377649177027,Kristinehedsverket 
1.1344288118908397,-93236199.42513175,0.02699265781638933,0.011238603377986135,0.06205828127911536,3.4400377649177027,Kristinehedsverket 
1.1271453772878732,4640274.473763628,0.02699265781638933,0.011238603377986135,0.06205828127911536,3.4400377649177027,Kristinehedsverket 
1.1370247189846352,-134106956.60651703,0.02699265781638933,0.011238603377986135,0.06205828127911536,3.4400377649177027,Kristinehedsverket 
1.1228969471756445,-79904763.61999941,0.02699265781638933,0.011238603377986135,0.06205828127911536,3.4400377649177027,Kristinehedsverket 
1.170821262946471,-52414507.66600605,0.02699265781638933,0.011238603377986135,0.06205828127911536,3.4400377649177027,Kristinehedsverket 
1.1602880398834627,49073929.35019294,0.02699265781638933,0.011238603377986135,0.06205828127911536,3.4400377649177027,Kristinehedsverket 
1.1561216982047349,-77677164.42289566,0.02699265781638933,0.011238603377986135,0.06205828127911536,3.4400377649177027,Kristinehedsverket 
1.1503043260723353,-78449746.88303857,0.02699265781638933,0.011238603377986135,0.06205828127911536,3.4400377649177027,Kristinehedsverket 
1.118921031816215,-106777603.54996122,0.02699265781638933,0.011238603377986135,0.06205828127911536,3.4400377649177027,Kristinehedsverket 
1.148638791654425,-99289461.74311543,0.02699265781638933,0.011238603377986135,0.06205828127911536,3.4400377649177027,Kristinehedsverket 
1.1383890020284977,-65020986.572243534,0.02699265781638933,0.011238603377986135,0.06205828127911536,3.4400377649177027,Kristinehedsverket 
1.1251598383222907,2495953.763681329,0.02699265781638933,0.011238603377986135,0.06205828127911536,3.4400377649177027,Kristinehedsverket 
1.1730844403316927,13968821.159304736,0.02699265781638933,0.011238603377986135,0.06205828127911536,3.4400377649177027,Kristinehedsverket 
1.1287049497782473,-106165416.16673543,0.02699265781638933,0.011238603377986135,0.06205828127911536,3.4400377649177027,Kristinehedsverket 
1.142681593533259,2867870.5451835464,0.04025215283724032,0.016759297432843,0.09254292185138896,5.129873716817569,Kristinehedsverket 
1.1464992333725517,-103412574.23200281,0.04025215283724032,0.016759297432843,0.09254292185138896,5.129873716817569,Kristinehedsverket 
1.1596706416585443,-16453933.491465569,0.04025215283724032,0.016759297432843,0.09254292185138896,5.129873716817569,Kristinehedsverket 
1.1377457406339633,-90807905.18614843,0.04025215283724032,0.016759297432843,0.09254292185138896,5.129873716817569,Kristinehedsverket 
1.159261216778117,106931664.01212634,0.04025215283724032,0.016759297432843,0.09254292185138896,5.129873716817569,Kristinehedsverket 
1.1545902717612948,-115136275.05256535,0.04025215283724032,0.016759297432843,0.09254292185138896,5.129873716817569,Kristinehedsverket 
1.152812822902632,-30432762.389237713,0.04025215283724032,0.016759297432843,0.09254292185138896,5.129873716817569,Kristinehedsverket 
1.157953275620282,2459883.787121251,0.04025215283724032,0.016759297432843,0.09254292185138896,5.129873716817569,Kristinehedsverket 
1.1493705060163115,-20847481.537293263,0.04025215283724032,0.016759297432843,0.09254292185138896,5.129873716817569,Kristinehedsverket 
1.125371488790327,17848262.812305886,0.04025215283724032,0.016759297432843,0.09254292185138896,5.129873716817569,Kristinehedsverket 
1.1388615913023838,-91641309.86282599,0.04025215283724032,0.016759297432843,0.09254292185138896,5.129873716817569,Kristinehedsverket 
1.1310221777620433,67187797.5438254,0.04025215283724032,0.016759297432843,0.09254292185138896,5.129873716817569,Kristinehedsverket 
1.1452465963979865,-63446453.69542379,0.04025215283724032,0.016759297432843,0.09254292185138896,5.129873716817569,Kristinehedsverket 
1.1300484953228997,-74446030.91423306,0.04025215283724032,0.016759297432843,0.09254292185138896,5.129873716817569,Kristinehedsverket 
1.1513350434225331,-18674942.25641418,0.04025215283724032,0.016759297432843,0.09254292185138896,5.129873716817569,Kristinehedsverket 
1.1482808848228159,-30762679.36771633,0.04025215283724032,0.016759297432843,0.09254292185138896,5.129873716817569,Kristinehedsverket 
1.13800434014228,-42971976.19002723,0.04025215283724032,0.016759297432843,0.09254292185138896,5.129873716817569,Kristinehedsverket 
1.1310894706504222,142016683.77651238,0.04025215283724032,0.016759297432843,0.09254292185138896,5.129873716817569,Kristinehedsverket 
1.1406738506603094,-82709332.9840064,0.04025215283724032,0.016759297432843,0.09254292185138896,5.129873716817569,Kristinehedsverket 
1.1272790053167232,-882751.9858785679,0.04025215283724032,0.016759297432843,0.09254292185138896,5.129873716817569,Kristinehedsverket 
1.1728889000007385,22729863.76185094,0.04025215283724032,0.016759297432843,0.09254292185138896,5.129873716817569,Kristinehedsverket 
1.1626246527370439,140883055.2621428,0.04025215283724032,0.016759297432843,0.09254292185138896,5.129873716817569,Kristinehedsverket 
1.158715098836283,-2834788.0242945463,0.04025215283724032,0.016759297432843,0.09254292185138896,5.129873716817569,Kristinehedsverket 
1.153067403514664,5287278.710298468,0.04025215283724032,0.016759297432843,0.09254292185138896,5.129873716817569,Kristinehedsverket 
1.123258448302223,-3737274.5222046496,0.04025215283724032,0.016759297432843,0.09254292185138896,5.129873716817569,Kristinehedsverket 
1.1514990246186998,-29606961.450356986,0.04025215283724032,0.016759297432843,0.09254292185138896,5.129873716817569,Kristinehedsverket 
1.141770048855348,21889256.49383448,0.04025215283724032,0.016759297432843,0.09254292185138896,5.129873716817569,Kristinehedsverket 
1.1292130245983085,91543482.83084218,0.04025215283724032,0.016759297432843,0.09254292185138896,5.129873716817569,Kristinehedsverket 
1.175213837325982,105935402.53381327,0.04025215283724032,0.016759297432843,0.09254292185138896,5.129873716817569,Kristinehedsverket 
1.1328449805354688,21043191.26167901,0.04025215283724032,0.016759297432843,0.09254292185138896,5.129873716817569,Kristinehedsverket 
1.132331841817552,-77720495.83529401,0.0272902513376988,0.011362508759094057,0.0627424726091389,3.4779641135886306,Kristinehedsverket 
1.1376428686796844,-161687268.7600414,0.0272902513376988,0.011362508759094057,0.0627424726091389,3.4779641135886306,Kristinehedsverket 
1.1469383217483649,-92056791.95056094,0.0272902513376988,0.011362508759094057,0.0627424726091389,3.4779641135886306,Kristinehedsverket 
1.1286068088731303,-173466634.08057997,0.0272902513376988,0.011362508759094057,0.0627424726091389,3.4779641135886306,Kristinehedsverket 
1.15359518378367,-8682587.399722397,0.0272902513376988,0.011362508759094057,0.0627424726091389,3.4779641135886306,Kristinehedsverket 
1.1482002012204655,-184692224.07953978,0.0272902513376988,0.011362508759094057,0.0627424726091389,3.4779641135886306,Kristinehedsverket 
1.1450946539450633,-109270434.84420756,0.0272902513376988,0.011362508759094057,0.0627424726091389,3.4779641135886306,Kristinehedsverket 
1.1447394058738676,-76737930.99202977,0.0272902513376988,0.011362508759094057,0.0627424726091389,3.4779641135886306,Kristinehedsverket 
1.14211124943385,-104761081.74386011,0.0272902513376988,0.011362508759094057,0.0627424726091389,3.4779641135886306,Kristinehedsverket 
1.113328514700001,-63558533.889110535,0.0272902513376988,0.011362508759094057,0.0627424726091389,3.4779641135886306,Kristinehedsverket 
1.127168691669207,-161051669.01032552,0.0272902513376988,0.011362508759094057,0.0627424726091389,3.4779641135886306,Kristinehedsverket 
1.1114673913335331,-29703215.93167173,0.0272902513376988,0.011362508759094057,0.0627424726091389,3.4779641135886306,Kristinehedsverket 
1.1364108263632284,-123363610.78520006,0.0272902513376988,0.011362508759094057,0.0627424726091389,3.4779641135886306,Kristinehedsverket 
1.114982634766516,-154811826.27694657,0.0272902513376988,0.011362508759094057,0.0627424726091389,3.4779641135886306,Kristinehedsverket 
1.1444130604110938,-120980720.01609078,0.0272902513376988,0.011362508759094057,0.0627424726091389,3.4779641135886306,Kristinehedsverket 
1.1400113985753102,-106737022.01658651,0.0272902513376988,0.011362508759094057,0.0627424726091389,3.4779641135886306,Kristinehedsverket 
1.128047695601862,-99035305.41126184,0.0272902513376988,0.011362508759094057,0.0627424726091389,3.4779641135886306,Kristinehedsverket 
1.1199191379369298,388541.70096941106,0.0272902513376988,0.011362508759094057,0.0627424726091389,3.4779641135886306,Kristinehedsverket 
1.1240937134435245,-142585591.58466756,0.0272902513376988,0.011362508759094057,0.0627424726091389,3.4779641135886306,Kristinehedsverket 
1.107728072893416,-90086025.38600263,0.0272902513376988,0.011362508759094057,0.0627424726091389,3.4779641135886306,Kristinehedsverket 
1.1621102091435946,-60827636.19824179,0.0272902513376988,0.011362508759094057,0.0627424726091389,3.4779641135886306,Kristinehedsverket 
1.1549258938350804,48919262.33706048,0.0272902513376988,0.011362508759094057,0.0627424726091389,3.4779641135886306,Kristinehedsverket 
1.14835450189837,-82090474.65646866,0.0272902513376988,0.011362508759094057,0.0627424726091389,3.4779641135886306,Kristinehedsverket 
1.1454182974390599,-83398166.08039127,0.0272902513376988,0.011362508759094057,0.0627424726091389,3.4779641135886306,Kristinehedsverket 
1.1102154415371195,-115012833.42373924,0.0272902513376988,0.011362508759094057,0.0627424726091389,3.4779641135886306,Kristinehedsverket 
1.1445624665656882,-103003460.39026037,0.0272902513376988,0.011362508759094057,0.0627424726091389,3.4779641135886306,Kristinehedsverket 
1.1333106571472928,-68257207.0397882,0.0272902513376988,0.011362508759094057,0.0627424726091389,3.4779641135886306,Kristinehedsverket 
1.1232100828935232,1372155.9003968018,0.0272902513376988,0.011362508759094057,0.0627424726091389,3.4779641135886306,Kristinehedsverket 
1.164462630614308,9668664.582243066,0.0272902513376988,0.011362508759094057,0.0627424726091389,3.4779641135886306,Kristinehedsverket 
1.1145186423412348,-120970769.42604989,0.0272902513376988,0.011362508759094057,0.0627424726091389,3.4779641135886306,Kristinehedsverket 
